{"cameraMode":{"drawMode":0,"name":"Shaded","section":"Shading Mode"},"sceneLighting":true,"audioPlay":false,"sceneViewState":{"m_AlwaysRefresh":false,"showFog":true,"showSkybox":true,"showFlares":true,"showImageEffects":true,"showParticleSystems":true,"showVisualEffectGraphs":true,"m_FxEnabled":true},"in2DMode":false,"pivot":{"x":2.8730313777923586,"y":2.070676803588867,"z":1.2612974643707276},"rotation":{"x":0.07169990241527558,"y":0.8221441507339478,"z":-0.10546421259641648,"w":0.5558244585990906},"size":3.7614822387695314,"orthographic":false}